target,MAE,RMSE,R2
demand,1.0001580096905671,12.902485352479333,-4.223768437759617
revenue,35.321227668799466,519.3781954927392,-5.502406408972674
