model,target,MAE,RMSE,R2
CatBoostRegressor,revenue,7.379129006589387,23.881676209234886,0.9862521021938809
