target,MAE,RMSE,R2
demand,1.2998091792237572,16.410004974017376,-7.449958830364048
