target,MAE,RMSE,R2
demand,2.188352026944371,3.536711932646652,0.8578243120314488
revenue,74.0041339620158,748.2595304618123,0.18193768438877878
